"BOOK_ID","BOOK_NAME","STATUS"
"1","リーダブルコード","available"
"2","Java言語で学ぶデザインパターン入門","available"
"3","Webを支える技術","available"
"4","良いコード悪いコードで学ぶ設計入門","available"
"5","プロになるJava","available"
"6","メタバース進化論","available"
"7","安全なWebアプリケーションの作り方","available"
"8","競技プログラミングの鉄則","available"
"9","Googleのソフトウェアエンジニアリング","available"
"10","アジャイルサムライ","available"
"11","達人のプログラマー","available"
"12","リファクタリング","available"
"13","KAIZEN JOURNEY","available"
"14","プログラムはなぜ動くのか","available"
"15","TypeScript入門","available"
"16","AWSの知識地図","available"
"17","ソフトウェアアーキテクチャの基礎","available"
"18","達人に学ぶDB設計〜徹底指南書〜","available"
"19","本質をとらえたデータ分析のための分析モデル","available"
"20","Clean Craftsmanship","available"
"21","マスタリングTCP/IP","available"
"22","知識ゼロから学ぶソフトウェアテスト","available"
"23","テスト駆動開発","available"
"24","SQLアンチパターン","available"
"25","プリンシプルオブプログラミング","available"
"26","Effective Java","available"
"27","新しいLinuxの教科書","available"
"28","インフラエンジニアの知識と実務がしっかりわかる教科書","available"
"29","リーダブルコード","available"
"30","Java言語で学ぶデザインパターン入門","available"
"31","Webを支える技術","available"
"32","良いコード悪いコードで学ぶ設計入門","available"
"33","プロになるJava","available"
"34","メタバース進化論","available"
"35","安全なWebアプリケーションの作り方","available"
"36","競技プログラミングの鉄則","available"
"37","Googleのソフトウェアエンジニアリング","available"
"38","アジャイルサムライ","lendering"
"39","達人のプログラマー","lendering"
"40","リファクタリング","lendering"
"41","KAIZEN JOURNEY","available"
"42","プログラムはなぜ動くのか","lendering"
"43","TypeScript入門","available"
"44","AWSの知識地図","available"
"45","ソフトウェアアーキテクチャの基礎","lendering"
"46","達人に学ぶDB設計〜徹底指南書〜","available"
"47","本質をとらえたデータ分析のための分析モデル","available"
"48","Clean Craftsmanship","lendering"
"49","マスタリングTCP/IP","lendering"
"50","知識ゼロから学ぶソフトウェアテスト","lendering"
"51","テスト駆動開発","available"
"52","SQLアンチパターン","lendering"
"53","プリンシプルオブプログラミング","lendering"
"54","Effective Java","lendering"
"55","新しいLinuxの教科書","lendering"
"56","インフラエンジニアの知識と実務がしっかりわかる教科書","available"
"57","リーダブルコード","lendering"
"58","Java言語で学ぶデザインパターン入門","available"
"59","Webを支える技術","lendering"
"60","良いコード悪いコードで学ぶ設計入門","available"
"61","プロになるJava","available"
"62","メタバース進化論","lendering"
"63","安全なWebアプリケーションの作り方","available"
"64","競技プログラミングの鉄則","available"
"65","Googleのソフトウェアエンジニアリング","available"
"66","アジャイルサムライ","lendering"
"67","達人のプログラマー","available"
"68","リファクタリング","lendering"
"69","KAIZEN JOURNEY","lendering"
"70","プログラムはなぜ動くのか","lendering"
"71","TypeScript入門","available"
"72","AWSの知識地図","lendering"
"73","ソフトウェアアーキテクチャの基礎","lendering"
"74","達人に学ぶDB設計〜徹底指南書〜","available"
"75","本質をとらえたデータ分析のための分析モデル","lendering"
"76","Clean Craftsmanship","available"
"77","マスタリングTCP/IP","available"
"78","知識ゼロから学ぶソフトウェアテスト","available"
"79","テスト駆動開発","available"
"80","SQLアンチパターン","available"
"81","プリンシプルオブプログラミング","available"
"82","Effective Java","available"
"83","新しいLinuxの教科書","lendering"
"84","インフラエンジニアの知識と実務がしっかりわかる教科書","available"
"85","リーダブルコード","available"
"86","Java言語で学ぶデザインパターン入門","available"
"87","Webを支える技術","available"
"88","良いコード悪いコードで学ぶ設計入門","available"
"89","プロになるJava","available"
"90","メタバース進化論","lendering"
"91","安全なWebアプリケーションの作り方","lendering"
"92","競技プログラミングの鉄則","available"
"93","Googleのソフトウェアエンジニアリング","available"
"94","アジャイルサムライ","available"
"95","達人のプログラマー","lendering"
"96","リファクタリング","available"
"97","KAIZEN JOURNEY","available"
"98","プログラムはなぜ動くのか","available"
"99","TypeScript入門","lendering"
"100","AWSの知識地図","available"
"101","ソフトウェアアーキテクチャの基礎","lendering"
"102","達人に学ぶDB設計〜徹底指南書〜","lendering"
"103","本質をとらえたデータ分析のための分析モデル","lendering"
"104","Clean Craftsmanship","lendering"
"105","マスタリングTCP/IP","available"
"106","知識ゼロから学ぶソフトウェアテスト","available"
"107","テスト駆動開発","available"
"108","SQLアンチパターン","available"
"109","プリンシプルオブプログラミング","lendering"
"110","Effective Java","lendering"
"111","新しいLinuxの教科書","available"
"112","インフラエンジニアの知識と実務がしっかりわかる教科書","available"
"113","リーダブルコード","lendering"
"114","Java言語で学ぶデザインパターン入門","available"
"115","Webを支える技術","available"
"116","良いコード悪いコードで学ぶ設計入門","available"
"117","プロになるJava","available"
"118","メタバース進化論","lendering"
"119","安全なWebアプリケーションの作り方","lendering"
"120","競技プログラミングの鉄則","available"
"121","Googleのソフトウェアエンジニアリング","available"
"122","アジャイルサムライ","available"
"123","達人のプログラマー","available"
"124","リファクタリング","available"
"125","KAIZEN JOURNEY","available"
"126","プログラムはなぜ動くのか","available"
"127","TypeScript入門","lendering"
"128","AWSの知識地図","available"
"129","ソフトウェアアーキテクチャの基礎","available"
"130","達人に学ぶDB設計〜徹底指南書〜","available"
"131","本質をとらえたデータ分析のための分析モデル","lendering"
"132","Clean Craftsmanship","lendering"
"133","マスタリングTCP/IP","lendering"
"134","知識ゼロから学ぶソフトウェアテスト","lendering"
"135","テスト駆動開発","available"
"136","SQLアンチパターン","lendering"
"137","プリンシプルオブプログラミング","available"
"138","Effective Java","lendering"
"139","新しいLinuxの教科書","lendering"
"140","インフラエンジニアの知識と実務がしっかりわかる教科書","available"
"141","リーダブルコード","lendering"
"142","Java言語で学ぶデザインパターン入門","lendering"
"143","Webを支える技術","lendering"
"144","良いコード悪いコードで学ぶ設計入門","lendering"
"145","プロになるJava","available"
"146","メタバース進化論","lendering"
"147","安全なWebアプリケーションの作り方","lendering"
"148","競技プログラミングの鉄則","lendering"
"149","Googleのソフトウェアエンジニアリング","lendering"
"150","アジャイルサムライ","available"
"151","達人のプログラマー","lendering"
"152","リファクタリング","available"
"153","KAIZEN JOURNEY","available"
"154","プログラムはなぜ動くのか","lendering"
"155","TypeScript入門","available"
"156","AWSの知識地図","available"
"157","ソフトウェアアーキテクチャの基礎","lendering"
"158","達人に学ぶDB設計〜徹底指南書〜","available"
"159","本質をとらえたデータ分析のための分析モデル","lendering"
"160","Clean Craftsmanship","available"
"161","マスタリングTCP/IP","lendering"
"162","知識ゼロから学ぶソフトウェアテスト","available"
"163","テスト駆動開発","available"
"164","SQLアンチパターン","available"
"165","プリンシプルオブプログラミング","available"
"166","Effective Java","available"
"167","新しいLinuxの教科書","available"
"168","インフラエンジニアの知識と実務がしっかりわかる教科書","lendering"
"169","リーダブルコード","available"
"170","Java言語で学ぶデザインパターン入門","lendering"
"171","Webを支える技術","lendering"
"172","良いコード悪いコードで学ぶ設計入門","lendering"
"173","プロになるJava","lendering"
"174","メタバース進化論","lendering"
"175","安全なWebアプリケーションの作り方","available"
"176","競技プログラミングの鉄則","lendering"
"177","Googleのソフトウェアエンジニアリング","lendering"
"178","アジャイルサムライ","available"
"179","達人のプログラマー","lendering"
"180","リファクタリング","lendering"
"181","KAIZEN JOURNEY","lendering"
"182","プログラムはなぜ動くのか","available"
"183","TypeScript入門","lendering"
"184","AWSの知識地図","lendering"
"185","ソフトウェアアーキテクチャの基礎","available"
"186","達人に学ぶDB設計〜徹底指南書〜","lendering"
"187","本質をとらえたデータ分析のための分析モデル","available"
"188","Clean Craftsmanship","lendering"
"189","マスタリングTCP/IP","available"
"190","知識ゼロから学ぶソフトウェアテスト","lendering"
"191","テスト駆動開発","available"
"192","SQLアンチパターン","lendering"
"193","プリンシプルオブプログラミング","lendering"
"194","Effective Java","available"
"195","新しいLinuxの教科書","available"
"196","インフラエンジニアの知識と実務がしっかりわかる教科書","available"
"197","リーダブルコード","available"
"198","Java言語で学ぶデザインパターン入門","lendering"
"199","Webを支える技術","available"
"200","良いコード悪いコードで学ぶ設計入門","lendering"
"201","プロになるJava","lendering"
"202","メタバース進化論","lendering"
"203","安全なWebアプリケーションの作り方","available"
"204","競技プログラミングの鉄則","lendering"
"205","Googleのソフトウェアエンジニアリング","available"
"206","アジャイルサムライ","available"
"207","達人のプログラマー","lendering"
"208","リファクタリング","lendering"
"209","KAIZEN JOURNEY","available"
"210","プログラムはなぜ動くのか","available"
"211","TypeScript入門","lendering"
"212","AWSの知識地図","lendering"
"213","ソフトウェアアーキテクチャの基礎","lendering"
"214","達人に学ぶDB設計〜徹底指南書〜","lendering"
"215","本質をとらえたデータ分析のための分析モデル","lendering"
"216","Clean Craftsmanship","available"
"217","マスタリングTCP/IP","lendering"
"218","知識ゼロから学ぶソフトウェアテスト","available"
"219","テスト駆動開発","available"
"220","SQLアンチパターン","available"
"221","プリンシプルオブプログラミング","available"
"222","Effective Java","available"
"223","新しいLinuxの教科書","lendering"
"224","インフラエンジニアの知識と実務がしっかりわかる教科書","available"
"225","リーダブルコード","lendering"
"226","Java言語で学ぶデザインパターン入門","lendering"
"227","Webを支える技術","lendering"
"228","良いコード悪いコードで学ぶ設計入門","available"
"229","プロになるJava","lendering"
"230","メタバース進化論","lendering"
"231","安全なWebアプリケーションの作り方","lendering"
"232","競技プログラミングの鉄則","lendering"
"233","Googleのソフトウェアエンジニアリング","lendering"
"234","アジャイルサムライ","available"
"235","達人のプログラマー","lendering"
"236","リファクタリング","available"
"237","KAIZEN JOURNEY","available"
"238","プログラムはなぜ動くのか","available"
"239","TypeScript入門","available"
"240","AWSの知識地図","available"
"241","ソフトウェアアーキテクチャの基礎","available"
"242","達人に学ぶDB設計〜徹底指南書〜","available"
"243","本質をとらえたデータ分析のための分析モデル","available"
"244","Clean Craftsmanship","available"
"245","マスタリングTCP/IP","available"
"246","知識ゼロから学ぶソフトウェアテスト","available"
"247","テスト駆動開発","lendering"
"248","SQLアンチパターン","lendering"
"249","プリンシプルオブプログラミング","lendering"
"250","Effective Java","available"
"251","新しいLinuxの教科書","available"
"252","インフラエンジニアの知識と実務がしっかりわかる教科書","lendering"
"253","リーダブルコード","lendering"
"254","Java言語で学ぶデザインパターン入門","lendering"
"255","Webを支える技術","available"
"256","良いコード悪いコードで学ぶ設計入門","available"
"257","プロになるJava","available"
"258","メタバース進化論","available"
"259","安全なWebアプリケーションの作り方","lendering"
"260","競技プログラミングの鉄則","available"
"261","Googleのソフトウェアエンジニアリング","available"
"262","アジャイルサムライ","available"
"263","達人のプログラマー","available"
"264","リファクタリング","lendering"
"265","KAIZEN JOURNEY","lendering"
"266","プログラムはなぜ動くのか","lendering"
"267","TypeScript入門","available"
"268","AWSの知識地図","available"
"269","ソフトウェアアーキテクチャの基礎","available"
"270","達人に学ぶDB設計〜徹底指南書〜","available"
"271","本質をとらえたデータ分析のための分析モデル","available"
"272","Clean Craftsmanship","lendering"
"273","マスタリングTCP/IP","available"
"274","知識ゼロから学ぶソフトウェアテスト","available"
"275","テスト駆動開発","available"
"276","SQLアンチパターン","available"
"277","プリンシプルオブプログラミング","available"
"278","Effective Java","lendering"
"279","新しいLinuxの教科書","lendering"
"280","インフラエンジニアの知識と実務がしっかりわかる教科書","available"
"281","リーダブルコード","available"
"282","Java言語で学ぶデザインパターン入門","lendering"
"283","Webを支える技術","available"
"284","良いコード悪いコードで学ぶ設計入門","available"
"285","プロになるJava","available"
"286","メタバース進化論","lendering"
"287","安全なWebアプリケーションの作り方","available"
"288","競技プログラミングの鉄則","available"
"289","Googleのソフトウェアエンジニアリング","lendering"
"290","アジャイルサムライ","available"
"291","達人のプログラマー","available"
"292","リファクタリング","available"
"293","KAIZEN JOURNEY","available"
"294","プログラムはなぜ動くのか","lendering"
"295","TypeScript入門","available"
"296","AWSの知識地図","available"
"297","ソフトウェアアーキテクチャの基礎","available"
"298","達人に学ぶDB設計〜徹底指南書〜","lendering"
"299","本質をとらえたデータ分析のための分析モデル","available"
"300","Clean Craftsmanship","lendering"
"301","マスタリングTCP/IP","available"
"302","知識ゼロから学ぶソフトウェアテスト","available"
"303","テスト駆動開発","available"
"304","SQLアンチパターン","available"
"305","プリンシプルオブプログラミング","available"
"306","Effective Java","available"
"307","新しいLinuxの教科書","lendering"
"308","インフラエンジニアの知識と実務がしっかりわかる教科書","available"
"309","リーダブルコード","available"
"310","Java言語で学ぶデザインパターン入門","lendering"
"311","Webを支える技術","lendering"
"312","良いコード悪いコードで学ぶ設計入門","lendering"
"313","プロになるJava","lendering"
"314","メタバース進化論","available"
"315","安全なWebアプリケーションの作り方","available"
"316","競技プログラミングの鉄則","lendering"
"317","Googleのソフトウェアエンジニアリング","available"
"318","アジャイルサムライ","lendering"
"319","達人のプログラマー","available"
"320","リファクタリング","available"
"321","KAIZEN JOURNEY","available"
"322","プログラムはなぜ動くのか","lendering"
"323","TypeScript入門","lendering"
"324","AWSの知識地図","available"
"325","ソフトウェアアーキテクチャの基礎","lendering"
"326","達人に学ぶDB設計〜徹底指南書〜","lendering"
"327","本質をとらえたデータ分析のための分析モデル","available"
"328","Clean Craftsmanship","lendering"
"329","マスタリングTCP/IP","lendering"
"330","知識ゼロから学ぶソフトウェアテスト","available"
"331","テスト駆動開発","available"
"332","SQLアンチパターン","lendering"
"333","プリンシプルオブプログラミング","lendering"
"334","Effective Java","lendering"
"335","新しいLinuxの教科書","lendering"
"336","インフラエンジニアの知識と実務がしっかりわかる教科書","lendering"
"337","リーダブルコード","lendering"
"338","Java言語で学ぶデザインパターン入門","lendering"
"339","Webを支える技術","lendering"
